iter	RMSE
0	2.322855929
1	2.321809013
2	2.321179822
3	2.320366419
4	2.319232939
5	2.317973963
6	2.317063609
7	2.315582794
8	2.313956065
9	2.31323661
10	2.312279748
11	2.31115919
12	2.30934489
13	2.307055098
14	2.306518468
15	2.305518267
16	2.304096336
17	2.303384361
18	2.302963994
19	2.302482492
20	2.302224956
21	2.301421295
