iter	RMSE
0	2.322098781
1	2.321030495
2	2.32040248
3	2.319571626
4	2.318480942
5	2.317190113
6	2.316578335
7	2.315052722
8	2.313390472
9	2.31266119
10	2.311709179
11	2.310588886
12	2.308734359
13	2.306447381
14	2.305895123
15	2.304910759
16	2.303135856
17	2.30274574
18	2.302324424
19	2.301830113
20	2.301560086
21	2.300420645
