iter	RMSE
0	2.345621607
1	2.344901554
2	2.344429856
3	2.343706725
4	2.343571809
5	2.342848489
6	2.342569637
7	2.342378084
8	2.341913898
9	2.34129295
10	2.34086117
11	2.34007741
12	2.339502411
13	2.339254429
14	2.338742791
15	2.33828863
16	2.337962864
17	2.33740183
18	2.336889019
19	2.336690769
20	2.336444157
21	2.335651805
22	2.334793079
