iter	RMSE
0	2.319090447
1	2.310917755
2	2.306310325
3	2.303968301
4	2.300881287
5	2.298898851
6	2.296795542
7	2.28799456
8	2.284156238
9	2.278585329
10	2.277484973
11	2.272358066
12	2.271855738
13	2.266727268
14	2.264536165
15	2.262680096
16	2.258667257
17	2.255975683
18	2.253068936
19	2.247443584
20	2.246848213
